<?xml version='1.0' encoding='UTF-8'?>
<!DOCTYPE collection SYSTEM 'BioC.dtd'>
<collection>
  <source>PubMed</source>
  <date>20170411</date>
  <key>collection.key</key>
  <document>
    <id>9685346</id>
    <infon key="relevant">no</infon>
  </document>
  <document>
    <id>10364224</id>
    <infon key="relevant">no</infon>
  </document>
  <document>
    <id>10688642</id>
    <infon key="relevant">no</infon>
  </document>
  <document>
    <id>12059041</id>
    <infon key="relevant">no</infon>
  </document>
  <document>
    <id>12897151</id>
    <infon key="relevant">no</infon>
  </document>
  <document>
    <id>15294869</id>
    <infon key="relevant">no</infon>
  </document>
  <document>
    <id>16612335</id>
    <infon key="relevant">no</infon>
  </document>
  <document>
    <id>18273060</id>
    <infon key="relevant">yes</infon>
  </document>
  <document>
    <id>22289178</id>
    <infon key="relevant">yes</infon>
  </document>
  <document>
    <id>19877579</id>
    <infon key="relevant">yes</infon>
  </document>
  <document>
    <id>17699613</id>
    <infon key="relevant">yes</infon>
  </document>
  <document>
    <id>16236155</id>
    <infon key="relevant">yes</infon>
  </document>
  <document>
    <id>11734542</id>
    <infon key="relevant">no</infon>
  </document>
  <document>
    <id>23918659</id>
    <infon key="relevant">yes</infon>
  </document>
</collection>
