{
  "date": "2017-06-02", 
  "source": "PubTator", 
  "infons": {}, 
  "documents": [
    {
      "id": "20638386", 
      "relations": [
        {
          "nodes": [], 
          "infons": {
            "Gene1": "827837", 
            "Gene2": "817592", 
            "relation": "PPIm"
          }, 
          "id": "R0"
        }
      ]
    }, 
    {
      "id": "21775823", 
      "relations": [
        {
          "nodes": [], 
          "infons": {
            "Gene1": "7157", 
            "Gene2": "9821", 
            "relation": "PPIm"
          }, 
          "id": "R0"
        }
      ]
    }, 
    {
      "id": "18725399", 
      "relations": [
        {
          "nodes": [], 
          "infons": {
            "Gene1": "851125", 
            "Gene2": "852060", 
            "relation": "PPIm"
          }, 
          "id": "R0"
        }, 
        {
          "nodes": [], 
          "infons": {
            "Gene1": "853376", 
            "Gene2": "852060", 
            "relation": "PPIm"
          }, 
          "id": "R1"
        }
      ]
    }, 
    {
      "id": "21569203", 
      "relations": [
        {
          "nodes": [], 
          "infons": {
            "Gene1": "2335", 
            "Gene2": "28379874", 
            "relation": "PPIm"
          }, 
          "id": "R0"
        }
      ]
    }, 
    {
      "id": "10604475", 
      "relations": [
        {
          "nodes": [], 
          "infons": {
            "Gene1": "3676", 
            "Gene2": "5829", 
            "relation": "PPIm"
          }, 
          "id": "R0"
        }
      ]
    }, 
    {
      "id": "20618438", 
      "relations": [
        {
          "nodes": [], 
          "infons": {
            "Gene1": "567", 
            "Gene2": "3077", 
            "relation": "PPIm"
          }, 
          "id": "R0"
        }
      ]
    }, 
    {
      "id": "12819209", 
      "relations": [
        {
          "nodes": [], 
          "infons": {
            "Gene1": "5618", 
            "Gene2": "7534", 
            "relation": "PPIm"
          }, 
          "id": "R0"
        }
      ]
    }, 
    {
      "id": "21600204", 
      "relations": [
        {
          "nodes": [], 
          "infons": {
            "Gene1": "945829", 
            "Gene2": "945098", 
            "relation": "PPIm"
          }, 
          "id": "R0"
        }
      ]
    }, 
    {
      "id": "10206957", 
      "relations": [
        {
          "nodes": [], 
          "infons": {
            "Gene1": "850755", 
            "Gene2": "854840", 
            "relation": "PPIm"
          }, 
          "id": "R0"
        }
      ]
    }
  ], 
  "key": "BioC.key"
}
