{
  "date": "20170411", 
  "source": "PubMed", 
  "infons": {}, 
  "documents": [
    {
      "infons": {
        "relevant": "no"
      }, 
      "id": "9685346" 
    }, 
    {
      "infons": {
        "relevant": "no"
      }, 
      "id": "10364224"
    }, 
    {
      "infons": {
        "relevant": "no"
      }, 
      "id": "10688642"
    }, 
    {
      "infons": {
        "relevant": "no"
      }, 
      "id": "12059041"
    }, 
    {
      "infons": {
        "relevant": "no"
      }, 
      "id": "12897151"
    }, 
    {
      "infons": {
        "relevant": "no"
      }, 
      "id": "15294869"
    }, 
    {
      "infons": {
        "relevant": "no"
      }, 
      "id": "16612335"
    }, 
    {
      "infons": {
        "relevant": "yes"
      }, 
      "id": "18273060"
    }, 
    {
      "infons": {
        "relevant": "yes"
      }, 
      "id": "22289178"
    }, 
    {
      "infons": {
        "relevant": "yes"
      }, 
      "id": "19877579"
    }, 
    {
      "infons": {
        "relevant": "yes"
      }, 
      "id": "17699613"
    }, 
    {
      "infons": {
        "relevant": "yes"
      }, 
      "id": "16236155"
    }, 
    {
      "infons": {
        "relevant": "no"
      }, 
      "id": "11734542"
    }, 
    {
      "infons": {
        "relevant": "yes"
      }, 
      "id": "23918659"
    }
  ], 
  "key": "collection.key"
}
