<?xml version="1.0" encoding="UTF-8"?>
<!DOCTYPE collection SYSTEM "BioC.dtd">
<collection>
  <source>PubTator</source>
  <date>2017-06-02</date>
  <key>BioC.key</key>
  <document>
    <id>20638386</id>
    <relation id="R0">
      <infon key="Gene1">827837</infon>
      <infon key="Gene2">817592</infon>
      <infon key="relation">PPIm</infon>
    </relation>
  </document>
  <document>
    <id>21775823</id>
    <relation id="R0">
      <infon key="Gene1">7157</infon>
      <infon key="Gene2">9821</infon>
      <infon key="relation">PPIm</infon>
    </relation>
  </document>
  <document>
    <id>18725399</id>
    <relation id="R0">
      <infon key="Gene1">851125</infon>
      <infon key="Gene2">852060</infon>
      <infon key="relation">PPIm</infon>
    </relation>
    <relation id="R1">
      <infon key="Gene1">853376</infon>
      <infon key="Gene2">852060</infon>
      <infon key="relation">PPIm</infon>
    </relation>
  </document>
  <document>
    <id>21569203</id>
    <relation id="R0">
      <infon key="Gene1">2335</infon>
      <infon key="Gene2">28379874</infon>
      <infon key="relation">PPIm</infon>
    </relation>
  </document>
  <document>
    <id>10604475</id>
    <relation id="R0">
      <infon key="Gene1">3676</infon>
      <infon key="Gene2">5829</infon>
      <infon key="relation">PPIm</infon>
    </relation>
  </document>
  <document>
    <id>20618438</id>
    <relation id="R0">
      <infon key="Gene1">567</infon>
      <infon key="Gene2">3077</infon>
      <infon key="relation">PPIm</infon>
    </relation>
  </document>
  <document>
    <id>12819209</id>
    <relation id="R0">
      <infon key="Gene1">5618</infon>
      <infon key="Gene2">7534</infon>
      <infon key="relation">PPIm</infon>
    </relation>
  </document>
  <document>
    <id>21600204</id>
    <relation id="R0">
      <infon key="Gene1">945829</infon>
      <infon key="Gene2">945098</infon>
      <infon key="relation">PPIm</infon>
    </relation>
  </document>
  <document>
    <id>10206957</id>
    <relation id="R0">
      <infon key="Gene1">850755</infon>
      <infon key="Gene2">854840</infon>
      <infon key="relation">PPIm</infon>
    </relation>
  </document>
</collection>
